idzagats,idfodors
212-219-2777-49,212/219-2777-49
212-223-5656-38,212/223-5656-38
212-243-4020-65,212/243-4020-65
212-245-2214-52,212/245-2214-52
212-260-6660-54,212/260-6660-54
212-265-5959-57,212/265-5959-57
212-288-0033-31,212/288-0033-31
212-307-7311-24,212/307-7311-24
212-319-1660-25,212/319-1660-25
212-339-6719-43,212/339-6719-43
212-355-7555-32,212/355-7555-32
212-362-2200-28,212/362-2200-28
212-371-7777-45,212/371-7777-45
212-371-8844-60,212/371-8844-60
212-477-0777-36,212/477-0777-36
212-484-5113-42,212/484-5113-42
212-489-1515-41,212/489-1515-41
212-496-6031-26,212/496-6031-26
212-582-7200-23,212/582-7200-23
212-586-4252-39,212/586-4252-39
212-620-4020-35,212/620-4020-35
212-627-8273-48,212/627-8273-48
212-632-5000-55,212/632-5000-55
212-644-1900-51,212/644-1900-51
212-677-0606-58,212/677-0606-58
212-688-6525-40,212/688-6525-40
212-724-8585-53,212/724-8585-53
212-752-2225-44,212/752-2225-44
212-753-1530-62,212/753-1530-62
212-754-6272-46,212/754-6272-46
212-754-9494-34,212/754-9494-34
212-757-2245-29,212/757-2245-29
212-758-1479-33,212/758-1479-33
212-759-5941-50,212/759-5941-50
212-765-1737-37,212/765-1737-37
212-807-7400-47,212/807-7400-47
212-861-8080-61,212/861-8080-61
212-873-3200-63,212/873-3200-63
212-877-3500-27,212/877-3500-27
212-921-9494-66,212/921-9494-66
212-966-6960-30,212/966-6960-30
212-980-9393-59,212/980-9393-59
213-467-1108-16,213/467-1108-16
213-627-2300-19,213/627-2300-19
213-628-3781-17,213/628-3781-17
213-655-8880-12,213/655-8880-12
213-665-1891-10,213/665-1891-10
213-848-6677-7,213/848-6677-7
213-857-0034-6,213/857-0034-6
213-938-1447-4,213/938-1447-4
310-246-1501-0,310/246-1501-0
310-274-1893-13,310/274-1893-13
310-276-0615-9,310/276-0615-9
310-392-9025-5,310/392-9025-5
310-456-0488-8,310/456-0488-8
310-472-1211-2,310/472-1211-2
310-550-8811-15,310/550-8811-15
310-652-4025-20,310/652-4025-20
310-652-9770-11,310/652-9770-11
310-659-9639-14,310/659-9639-14
310-829-4313-21,310/829-4313-21
404-221-6362-87,404/221-6362-87
404-231-1368-85,404/231-1368-85
404-233-7673-82,404/233-7673-82
404-237-2663-76,404/237-2663-76
404-237-2700-89,404/237-2700-89
404-237-2700-90,404/237-2700-90
404-261-3662-88,404/261-3662-88
404-261-8186-74,404/261-8186-74
404-262-3336-78,404/262-3336-78
404-266-1440-77,404/266-1440-77
404-351-9533-92,404/351-9533-92
404-352-3517-81,404/352-3517-81
404-365-0410-75,404/365-0410-75
404-659-0400-91,404/659-0400-91
404-681-2909-80,404/681-2909-80
404-874-7600-79,404/874-7600-79
404-875-8424-93,404/875-8424-93
404-876-0676-84,404/876-0676-84
404-876-1800-86,404/876-1800-86
404-876-4408-83,404/876-4408-83
415-296-7465-110,415/296-7465-110
415-387-0408-94,415/387-0408-94
415-392-3505-97,415/392-3505-97
415-399-0499-111,415/399-0499-111
415-495-5775-105,415/495-5775-105
415-543-0573-101,415/543-0573-101
415-543-6084-96,415/543-6084-96
415-563-4755-108,415/563-4755-108
415-668-6654-103,415/668-6654-103
415-673-7779-100,415/673-7779-100
415-775-7036-99,415/775-7036-99
415-776-5577-104,415/776-5577-104
415-776-7825-109,415/776-7825-109
415-777-9779-102,415/777-9779-102
415-922-0337-107,415/922-0337-107
415-955-5555-98,415/955-5555-98
415-956-9662-95,415/956-9662-95
415-989-7154-106,415/989-7154-106
702-731-4036-73,702/731-4036-73
702-733-8899-67,702/733-8899-67
702-734-0410-72,702/734-0410-72
702-891-7349-68,702/891-7349-68
718-522-5200-56,718/522-5200-56
818-585-0855-22,818/585-0855-22
818-762-1221-1,818/762-1221-1
818-788-3536-3,818/788-3536-3
818-990-0500-18,818/990-0500-18
212-245-7992-64,212/315-1726-64
702-385-6277-71,702/385-3232-71
702-731-7110-70,702/731-7547-70
702-732-5651-69,702/732-5111-69
